{"schemaVersion":"1.0","appDefinitionTemplate":{"id":"/providers/Microsoft.PowerApps/apps/","type":"Microsoft.PowerApps/apps","tags":{"primaryDeviceWidth":"1412","primaryDeviceHeight":"565","supportsPortrait":"true","supportsLandscape":"true","primaryFormFactor":"Tablet","showStatusBar":"false","publisherVersion":"3.25062.8","minimumRequiredApiVersion":"2.2.0","hasComponent":"false","hasUnlockedComponent":"false","isUnifiedRootApp":"false"},"properties":{"appVersion":"2025-06-24T20:44:10Z","lifeCycleId":"Published","createdByClientVersion":{"major":3,"minor":25062,"build":8,"revision":0,"majorRevision":0,"minorRevision":0},"minClientVersion":{"major":3,"minor":25062,"build":8,"revision":0,"majorRevision":0,"minorRevision":0},"backgroundColor":"RGBA(0,176,240,1)","backgroundImageUri":"/1198782381437165358/N9399b0cd-010a-4021-9a93-9ff24f54732b-logoSmallFile","displayName":"SofttwareValidationForm","description":"This acts as Human-in-the-loop review form for Software validation","commitMessage":"Save app with description provided in publish dialog.","appUris":{"documentUri":{"value":"/1198782381437165358/N553c950a-9998-4489-9a44-6ade5e55b38f-document.msapp"},"imageUris":[],"additionalUris":[{"isSolutionAware":false,"value":"/1198782381437165358/N91e31afc-eae5-438e-980d-8fce0bc01f35-identity.json"}]},"createdTime":"0001-01-01T00:00:00Z","lastModifiedTime":"0001-01-01T00:00:00Z","sharedGroupsCount":0,"sharedUsersCount":0,"connectionReferences":{},"databaseReferences":{"default.cds":{"databaseDetails":{"referenceType":"Environmental","environmentName":"default.cds","overrideValues":{"status":"NotSpecified","environmentVariableName":""}},"dataSources":{"Software Application Record":{"entitySetName":"crcaa_softwareapplicationrecords","logicalName":"crcaa_softwareapplicationrecord","isHidden":false}},"actions":["providers/PowerPlatform.Governance/Operations/Read","providers/PowerPlatform.Governance/Operations/Write","providers/PowerPlatform.Governance/Operations/Delete"]}},"almMode":"Solution","performanceOptimizationEnabled":true,"canConsumeAppPass":true,"enableModernRuntimeMode":false,"executionRestrictions":{"isTeamsOnly":false,"dataLossPreventionEvaluationResult":{"status":"Compliant","lastEvaluationDate":"2025-06-24T19:31:11.4760829Z","violations":[],"violationsByPolicy":[],"violationErrorMessage":"The app uses the following connectors: shared_commondataservice."}}},"isAppComponentLibrary":false,"appType":"ClassicCanvasApp","appComponents":[]}}