{"__Version":"0.1","App":"d394237a-8190-403f-886e-066bffd8c7f7","Test_7F478737223C4B69":"420b0162-b0f5-46e8-805a-1867fe10196f","Host":"a3b1db0f-8af1-47b9-9974-57c369259a58","Software Application Record screen":"b7d1fad7-adc5-42c7-9fa2-2f99c4c2824d","ScreenContainer1":"74460cff-5baa-4f01-96b6-8460558be860","TableNameContainer1":"84a592ca-f77f-4387-8246-80db5f9ec11a","dataSourceDisplayName":"982688d8-6b40-4c2f-8082-9bb2d670918b","filterLabel":"e7d9a0a6-0322-4d1e-8781-fa063a2dfa32","BodyContainer1":"61b6e7c5-04ba-41b2-83fc-dfd9cfa6531c","SidebarContainer1":"303a1797-d7f9-4f5c-8348-a73af9d9b357","SearchContainer1":"34705967-3108-45ca-9348-2c58430436f9","SearchInput1":"4ca4b308-0df0-4d2f-aca8-b159780a473a","SearchIcon1":"b9c6bc6e-1111-44ea-8e7e-8dd10c859344","NewRecordButtonBarContainer1":"c6cb7e39-2de5-46fc-b21c-6a6ca71a9fd6","NewRecordAddIcon1":"5df9019f-dbfa-47e2-8d93-d20233e5c7d7","newRecordLabel":"d30cdc0f-74be-46d4-a187-d83284e12a45","RecordsListSeparator1":"b9e65155-50f1-4f2e-8d7e-d09293e0173a","RecordsGallery1":"c3fcd776-f251-4942-b027-602b5b834a57","galleryTemplate1":"0170f007-03fc-4e02-af88-732f7fd38b9d","applicationNameTitle":"266e3318-9619-4755-840b-65c06b727c67","supplierNameSubtitle":"a73b0e48-4aaf-4102-ae4a-f11b018bee10","reviewCommentsBody":"57ac457e-6c47-4f21-852e-9c53ce957a8f","NextArrow1":"3501c878-cdf3-48eb-a2b6-46198021967c","Separator1":"3e56eb56-e169-4964-9352-47a1d5f8ac74","Rectangle1":"f203e1df-c89a-447a-b346-bb342d77a549","RightContainer1":"70427c90-e8f1-47bf-9559-88db7848be5a","SelectedRecordHeaderContainer1":"0904cd17-84b4-4f90-9b64-b4641a187fca","BackIconButton1":"ce16bbbd-70da-47d1-b8d1-0d923bd00a3b","selectedApplicationTitle":"5efadd9a-7c90-4765-8671-ba5dad3e65c9","SubmitFormButton1":"d1359525-9106-4754-a42e-b36e0a0ee1d2","ResetFormButton1":"80467469-5dd8-482b-9137-fd30fdaf3cbb","EditIconButton1":"a0f14f15-2b63-47b3-8a5b-eaf7b656ef62","DeleteIconButton1":"f0141639-b1e9-41a8-b7e7-7b49da53b3bd","MainContainer1":"bc6cd5e0-2b96-4605-9445-384477a48a18","Form1":"ee51e996-09a4-49c0-95bd-a11d0e8d4330","DeleteConfirmDialogContainer1":"0a96c258-f87c-40a4-ac1c-4c877ec0c587","confirmDeletionMessage":"38ee1c62-9e74-465c-b88a-988bccf182df","ConfirmDeleteButtonBarContainer1":"3027c39a-3a00-4dbe-b3fc-117066e7fc5b","CancelDeleteButton1":"4e9dc871-feeb-406e-aaa4-eccf21fba5a5","ConfirmDeleteButton1":"cb9ba458-a5bc-4c36-9612-021824a6df73","Application Name_DataCard1":"e99ddc43-3cff-4270-9d2e-3c6cdc5fee19","dataCardDisplayName1":"bd68f212-fcd9-461b-bd58-cae40e9bf08d","DataCardValue1":"049c87d2-cd1a-45c8-bbfc-356e1316d2ae","dataCardErrorMessage1":"2c0b2f3e-8e19-4dc0-9f0e-adeb6e0e5a06","starVisibility1":"6b7d1a1e-eaed-4d66-96ba-15e15a8a6556","Provider Name_DataCard1":"83e3f08b-1d27-4fd1-b9ce-f4580fd27fbc","dataCardDisplayName2":"c2deed53-8b8a-4558-a645-1fe8f3809ea0","DataCardValue2":"8dfa388b-9320-4161-b4db-3b352e1948ae","dataCardErrorMessage2":"d04a4982-3612-484f-afc0-74fe6e28960d","starVisibility2":"0eebc666-dc73-418c-a199-0a56bd6e9966","Approval Status_DataCard1":"5430e17a-df72-4ec8-859c-927d5e97b58c","dataCardDisplayName3":"09151775-e8f2-481f-9763-dec6d400cce6","DataCardValue3":"c9840bb3-7a18-4272-916c-9e0daffa549c","dataCardErrorMessage3":"e92b4650-f88d-4329-ac15-cc8f4ba75160","starVisibility3":"2a84055f-e252-47fc-a828-27d17565b23b","License Status_DataCard1":"131cb5a9-e228-4fe0-b696-68d206a5f1f0","dataCardDisplayName4":"cef1d0b9-a7b0-4d96-aa9a-2d869bc9d1e9","DataCardValue4":"2f7dba2f-a093-4c11-8882-4e9c93153088","dataCardErrorMessage4":"29c11cf4-425d-406c-be18-d3e0fb003a4b","starVisibility4":"0ed7c2d8-dd24-4dde-bf82-fa65c139cc2c","Review Status_DataCard1":"5f2883a9-2c70-4caa-8e0a-93f8273f16cf","dataCardDisplayName5":"a55d6a2c-d79f-41f2-abd2-7ef0bbbfae03","DataCardValue5":"089cafde-d1f9-4802-8ee6-aac6e7eceb7b","dataCardErrorMessage5":"4a5b8a58-0bae-4f89-b882-5498ed560f55","starVisibility5":"27dfdf83-55b6-42d8-9f1e-52d443389208","Review Comments_DataCard2":"25440ac9-fbb4-4605-8531-74327cfc7e11","starVisibility8":"ce5bfb0c-e1ec-4424-bba0-0b0c65cf995c","dataCardErrorMessage8":"226b82b4-cec7-4a41-baca-6bc691f5b94d","DataCardValue8":"20b6abb5-3b34-41dd-b7dc-c1d1e329e056","dataCardDisplayName8":"d0432b38-8f9c-4279-b71c-5accf8a69da3","Type of Software_DataCard1":"ff4c2171-6e92-4443-9197-9161257eebe1","dataCardDisplayName7":"0870f6ff-a08a-45ac-b91f-d06e21c4a813","DataCardValue7":"ecce10d5-faed-4a9e-bcc5-d770c82430e5","dataCardErrorMessage7":"d1366221-6c02-41a1-bee6-092b3f6b9d1a","starVisibility7":"c3516d7e-5246-4329-8d39-28b2e137f5eb","ResetButton":"7cb16a0d-6e44-4d56-ad0f-8afb43456d1f"}